id,currency_short_name,currency_long_name,symbol,created_at,updated_at
2,ALL,"Albania Lek",Lek,"2025-02-25 10:01:29","2025-02-25 10:01:29"
3,AFN,"Afghanistan Afghani",؋,"2025-02-25 10:01:29","2025-02-25 10:01:29"
4,ARS,"Argentina Peso",$,"2025-02-25 10:01:29","2025-02-25 10:01:29"
5,AWG,"Aruba Guilder",ƒ,"2025-02-25 10:01:29","2025-02-25 10:01:29"
6,AUD,"Australia Dollar",A$,"2025-02-25 10:01:29","2025-02-25 10:01:29"
7,AZN,"Azerbaijan Manat",₼,"2025-02-25 10:01:29","2025-02-25 10:01:29"
8,BSD,"Bahamas Dollar",B$,"2025-02-25 10:01:30","2025-02-25 10:01:30"
9,BBD,"Barbados Dollar",Bds$,"2025-02-25 10:01:30","2025-02-25 10:01:30"
10,BYN,"Belarus Ruble",Br,"2025-02-25 10:01:30","2025-02-25 10:01:30"
11,BZD,"Belize Dollar",BZ$,"2025-02-25 10:01:30","2025-02-25 10:01:30"
12,BMD,"Bermuda Dollar",$,"2025-02-25 10:01:30","2025-02-25 10:01:30"
13,BOB,"Bolivia Bol",Bs,"2025-02-25 10:01:30","2025-02-25 10:01:30"
14,BAM,"Bosnia and Herzegovina Convertible Mark",KM,"2025-02-25 10:01:30","2025-02-25 10:01:30"
15,BWP,"Botswana Pula",P,"2025-02-25 10:01:30","2025-02-25 10:01:30"
16,BGN,"Bulgaria Lev",лв,"2025-02-25 10:01:30","2025-02-25 10:01:30"
17,BRL,"Brazil Real",R$,"2025-02-25 10:01:30","2025-02-25 10:01:30"
18,BND,"Brunei Darussalam Dollar",B$,"2025-02-25 10:01:30","2025-02-25 10:01:30"
19,KHR,"Cambodia Riel",៛,"2025-02-25 10:01:30","2025-02-25 10:01:30"
20,CAD,"Canada Dollar",C$,"2025-02-25 10:01:30","2025-02-25 10:01:30"
21,KYD,"Cayman Islands Dollar",$,"2025-02-25 10:01:30","2025-02-25 10:01:30"
22,CLP,"Chile Peso",$,"2025-02-25 10:01:30","2025-02-25 10:01:30"
23,CNY,"China Yuan Renminbi",¥,"2025-02-25 10:01:30","2025-02-25 10:01:30"
24,COP,"Colombia Peso",$,"2025-02-25 10:01:30","2025-02-25 10:01:30"
25,CRC,"Costa Rica Colon",₡,"2025-02-25 10:01:30","2025-02-25 10:01:30"
26,HRK,"Croatia Kuna",kn,"2025-02-25 10:01:30","2025-02-25 10:01:30"
27,CUP,"Cuba Peso",₱,"2025-02-25 10:01:31","2025-02-25 10:01:31"
28,CZK,"Czech Republic Koruna",Kč,"2025-02-25 10:01:31","2025-02-25 10:01:31"
29,DKK,"Denmark Krone",kr,"2025-02-25 10:01:31","2025-02-25 10:01:31"
30,DOP,"Dominican Republic Peso",$,"2025-02-25 10:01:31","2025-02-25 10:01:31"
31,XCD,"East Caribbean Dollar",$,"2025-02-25 10:01:31","2025-02-25 10:01:31"
32,EGP,"Egypt Pound",E£,"2025-02-25 10:01:31","2025-02-25 10:01:31"
33,SVC,"El Salvador Colon",₡,"2025-02-25 10:01:31","2025-02-25 10:01:31"
34,EUR,"Euro Member Countries",€,"2025-02-25 10:01:31","2025-02-25 10:01:31"
35,FKP,"Falkland Islands (Malvinas) Pound",£,"2025-02-25 10:01:31","2025-02-25 10:01:31"
36,FJD,"Fiji Dollar",FJ$,"2025-02-25 10:01:31","2025-02-25 10:01:31"
37,GHS,"Ghana Cedi",GH¢,"2025-02-25 10:01:31","2025-02-25 10:01:31"
38,GIP,"Gibraltar Pound",£,"2025-02-25 10:01:31","2025-02-25 10:01:31"
39,GTQ,"Guatemala Quetzal",Q,"2025-02-25 10:01:31","2025-02-25 10:01:31"
40,GGP,"Guernsey Pound",£,"2025-02-25 10:01:31","2025-02-25 10:01:31"
41,GYD,"Guyana Dollar",GY$,"2025-02-25 10:01:31","2025-02-25 10:01:31"
42,HNL,"Honduras Lempira",L,"2025-02-25 10:01:31","2025-02-25 10:01:31"
43,HKD,"Hong Kong Dollar",$,"2025-02-25 10:01:32","2025-02-25 10:01:32"
44,HUF,"Hungary Forint",Ft,"2025-02-25 10:01:32","2025-02-25 10:01:32"
45,ISK,"Iceland Krona",kr,"2025-02-25 10:01:32","2025-02-25 10:01:32"
46,INR,"India Rupee",₹,"2025-02-25 10:01:32","2025-02-25 10:01:32"
47,IDR,"Indonesia Rupiah",Rp,"2025-02-25 10:01:32","2025-02-25 10:01:32"
48,IRR,"Iran Rial",﷼,"2025-02-25 10:01:32","2025-02-25 10:01:32"
49,IMP,"Isle of Man Pound",£,"2025-02-25 10:01:32","2025-02-25 10:01:32"
50,JMD,"Jamaica Dollar",J$,"2025-02-25 10:01:32","2025-02-25 10:01:32"
51,JPY,"Japan Yen",¥,"2025-02-25 10:01:32","2025-02-25 10:01:32"
52,JEP,"Jersey Pound",£,"2025-02-25 10:01:32","2025-02-25 10:01:32"
53,KZT,"Kazakhstan Tenge",₸,"2025-02-25 10:01:32","2025-02-25 10:01:32"
54,KPW,"Korea (North) Won",₩,"2025-02-25 10:01:32","2025-02-25 10:01:32"
55,KRW,"Korea (South) Won",₩,"2025-02-25 10:01:32","2025-02-25 10:01:32"
56,KGS,"Kyrgyzstan Som",Лв,"2025-02-25 10:01:32","2025-02-25 10:01:32"
57,LAK,"Laos Kip",₭,"2025-02-25 10:01:32","2025-02-25 10:01:32"
58,LBP,"Lebanon Pound",ل.ل.,"2025-02-25 10:01:32","2025-02-25 10:01:32"
59,LRD,"Liberia Dollar",$,"2025-02-25 10:01:33","2025-02-25 10:01:33"
60,MKD,"Macedonia Denar",ден,"2025-02-25 10:01:33","2025-02-25 10:01:33"
61,MYR,"Malaysia Ringgit",RM,"2025-02-25 10:01:33","2025-02-25 10:01:33"
62,MUR,"Mauritius Rupee",Rs,"2025-02-25 10:01:33","2025-02-25 10:01:33"
63,MXN,"Mexico Peso",Mex$,"2025-02-25 10:01:33","2025-02-25 10:01:33"
64,MNT,"Mongolia Tughrik",₮,"2025-02-25 10:01:33","2025-02-25 10:01:33"
65,MZN,"Mozambique Metical",MT,"2025-02-25 10:01:33","2025-02-25 10:01:33"
66,NAD,"Namibia Dollar",$,"2025-02-25 10:01:33","2025-02-25 10:01:33"
67,NPR,"Nepal Rupee",₨,"2025-02-25 10:01:33","2025-02-25 10:01:33"
68,ANG,"Netherlands Antilles Guilder",,"2025-02-25 10:01:33","2025-02-25 10:01:33"
69,NZD,"New Zealand Dollar",$,"2025-02-25 10:01:33","2025-02-25 10:01:33"
70,NIO,"Nicaragua Cordoba",C$,"2025-02-25 10:01:33","2025-02-25 10:01:33"
71,NGN,"Nigeria Naira",₦,"2025-02-25 10:01:33","2025-02-25 10:01:33"
72,NOK,"Norway Krone",kr,"2025-02-25 10:01:34","2025-02-25 10:01:34"
73,OMR,"Oman Rial",﷼,"2025-02-25 10:01:34","2025-02-25 10:01:34"
74,PKR,"Pakistan Rupee",₨,"2025-02-25 10:01:34","2025-02-25 10:01:34"
75,PAB,"Panama Balboa",B/.,"2025-02-25 10:01:34","2025-02-25 10:01:34"
76,PYG,"Paraguay Guarani",₲,"2025-02-25 10:01:34","2025-02-25 10:01:34"
77,PEN,"Peru Sol",S/.,"2025-02-25 10:01:34","2025-02-25 10:01:34"
78,PHP,"Philippines Peso",₱,"2025-02-25 10:01:34","2025-02-25 10:01:34"
79,PLN,"Poland Zloty",zł,"2025-02-25 10:01:34","2025-02-25 10:01:34"
80,QAR,"Qatar Riyal",﷼,"2025-02-25 10:01:34","2025-02-25 10:01:34"
81,RON,"Romania Leu",L,"2025-02-25 10:01:34","2025-02-25 10:01:34"
82,RUB,"Russia Ruble",₽,"2025-02-25 10:01:34","2025-02-25 10:01:34"
83,SHP,"Saint Helena Pound",£,"2025-02-25 10:01:34","2025-02-25 10:01:34"
84,SAR,"Saudi Arabia Riyal",﷼,"2025-02-25 10:01:34","2025-02-25 10:01:34"
85,RSD,"Serbia Dinar",РСД,"2025-02-25 10:01:34","2025-02-25 10:01:34"
86,SCR,"Seychelles Rupee",₨,"2025-02-25 10:01:34","2025-02-25 10:01:34"
87,SGD,"Singapore Dollar",S$,"2025-02-25 10:01:34","2025-02-25 10:01:34"
88,SBD,"Solomon Islands Dollar",SI$,"2025-02-25 10:01:35","2025-02-25 10:01:35"
89,SOS,"Somalia Shilling",S,"2025-02-25 10:01:35","2025-02-25 10:01:35"
90,ZAR,"South Africa Rand",R,"2025-02-25 10:01:35","2025-02-25 10:01:35"
91,LKR,"Sri Lanka Rupee",Sr,"2025-02-25 10:01:35","2025-02-25 10:01:35"
92,SEK,"Sweden Krona",kr,"2025-02-25 10:01:35","2025-02-25 10:01:35"
93,CHF,"Switzerland Franc",SFr.,"2025-02-25 10:01:35","2025-02-25 10:01:35"
94,SRD,"Suriname Dollar",$,"2025-02-25 10:01:35","2025-02-25 10:01:35"
95,SYP,"Syria Pound",£,"2025-02-25 10:01:35","2025-02-25 10:01:35"
96,TWD,"Taiwan New Dollar",NT$,"2025-02-25 10:01:35","2025-02-25 10:01:35"
97,THB,"Thailand Baht",฿,"2025-02-25 10:01:35","2025-02-25 10:01:35"
98,TTD,"Trinidad and Tobago Dollar",TT$,"2025-02-25 10:01:35","2025-02-25 10:01:35"
99,TRY,"Turkey Lira",TL,"2025-02-25 10:01:35","2025-02-25 10:01:35"
100,TVD,"Tuvalu Dollar",$,"2025-02-25 10:01:35","2025-02-25 10:01:35"
101,UAH,"Ukraine Hryvnia",₴,"2025-02-25 10:01:35","2025-02-25 10:01:35"
102,GBP,"United Kingdom Pound",£,"2025-02-25 10:01:36","2025-02-25 10:01:36"
103,USD,"United States Dollar",$,"2025-02-25 10:01:36","2025-02-25 10:01:36"
104,UYU,"Uruguay Peso",$U,"2025-02-25 10:01:36","2025-02-25 10:01:36"
105,UZS,"Uzbekistan Som",so'm,"2025-02-25 10:01:36","2025-02-25 10:01:36"
106,VEF,"Venezuela Bol",Bs,"2025-02-25 10:01:36","2025-02-25 10:01:36"
107,VND,"Viet Nam Dong",₫,"2025-02-25 10:01:36","2025-02-25 10:01:36"
108,YER,"Yemen Rial",﷼,"2025-02-25 10:01:36","2025-02-25 10:01:36"
109,ZWD,"Zimbabwe Dollar",Z$,"2025-02-25 10:01:36","2025-02-25 10:01:36"
